{"cameraMode":{"drawMode":0,"name":"Shaded","section":"Shading Mode"},"sceneLighting":true,"audioPlay":false,"sceneViewState":{"showFog":true,"showMaterialUpdate":false,"showSkybox":true,"showFlares":true,"showImageEffects":true,"showParticleSystems":true},"in2DMode":false,"pivot":{"x":-0.14866621792316438,"y":0.791835367679596,"z":0.2811566889286041},"rotation":{"x":-0.00015292632451746613,"y":0.9986954927444458,"z":-0.050977643579244617,"w":-0.0029961068648844959},"size":1.4743239879608155,"orthographic":false}